GCA_000002655.1	2	EAL84425.1,EAL84806.1	Lipoxygenase,Lipoxygenase
GCA_000002855.2	0		
GCA_000006445.2	0		
GCA_000011425.1	0		
GCA_000151175.1	0		
GCA_000151295.1	0		
GCA_000151455.1	0		
GCA_000151525.2	0		
GCA_000151595.1	0		
GCA_000151645.1	0		
GCA_000166175.1	0		
GCA_000167075.2	0		
GCA_000183025.1	0		
GCA_000193285.1	1	KLU90006.1	Lipoxygenase
GCA_000218725.1	0		
GCA_000230245.1	0		
GCA_000230375.1	0		
GCA_000230595.3	0		
GCA_000237345.1	0		
GCA_000238015.2	1	EHK97249.1	Lipoxygenase
GCA_000250695.1	0		
GCA_000292725.1	0		
GCA_000312925.2	0		
GCA_000313795.2	0		
GCA_000316135.1	0		
GCA_000320605.2	0		
GCA_000326105.1	0		
GCA_000333975.2	0		
GCA_000340195.1	1	EME46536.1	Lipoxygenase
GCA_000344635.1	0		
GCA_000344655.2	0		
GCA_000344705.1	0		
GCA_000346795.1	0		
GCA_000350065.2	3	TDZ14807.1,TDZ16445.1,TDZ20567.1	Lipoxygenase,Lipoxygenase,Lipoxygenase
GCA_000350365.1	2	EMT62976.1,EMT72328.1	Lipoxygenase,Lipoxygenase
GCA_000383075.1	0		
GCA_000385855.2	0		
GCA_000389695.3	0		
GCA_000401635.1	0		
GCA_000410735.1	0		
GCA_000412225.2	0		
GCA_000418435.1	0		
GCA_000430065.1	0		
GCA_000442015.1	0		
GCA_000447185.1	0		
GCA_000465215.2	0		
GCA_000469055.2	0		
GCA_000503235.1	2	ESZ92242.1,ESZ94090.1	Lipoxygenase,Lipoxygenase
GCA_000507405.3	0		
GCA_000507885.2	0		
GCA_000513335.1	0		
GCA_000517465.1	0		
GCA_000525045.1	1	EWC45528.1	Lipoxygenase
GCA_000591435.1	2	EXV00830.1,EXV01546.1	Lipoxygenase,Lipoxygenase
GCA_000599445.1	1	EYB29285.1	Lipoxygenase
GCA_000616865.1	0		
GCA_000696135.1	0		
GCA_000697665.1	0		
GCA_000697705.1	0		
GCA_000710275.1	0		
GCA_000723665.1	0		
GCA_000732765.1	0		
GCA_000732775.1	0		
GCA_000743665.3	0		
GCA_000750665.1	1	KFX87402.1	Lipoxygenase
GCA_000750675.1	0		
GCA_000750715.1	1	KFY10002.1	Lipoxygenase
GCA_000750735.1	1	KFY16965.1	Lipoxygenase
GCA_000750745.1	0		
GCA_000750755.1	0		
GCA_000750795.1	1	KFY49836.1	Lipoxygenase
GCA_000750805.1	0		
GCA_000750815.1	1	KFY62912.1	Lipoxygenase
GCA_000750875.1	0		
GCA_000750895.1	1	KFY72261.1	Lipoxygenase
GCA_000750925.1	0		
GCA_000750935.1	1	KFZ01435.1	Lipoxygenase
GCA_000750995.1	1	KFZ15993.1	Lipoxygenase
GCA_000765035.1	0		
GCA_000769215.1	1	KIL85958.1	Lipoxygenase
GCA_000769265.1	1	KFH42167.1	Lipoxygenase
GCA_000769765.1	0		
GCA_000798715.1	0		
GCA_000812105.1	0		
GCA_000812125.1	0		
GCA_000814955.1	3	KID81294.1,KID85448.1,KID92026.1	Lipoxygenase,Lipoxygenase,Lipoxygenase
GCA_000818155.1	1	KUI65625.1	Lipoxygenase
GCA_000820885.1	0		
GCA_000825705.1	1	CEJ91518.1	Lipoxygenase
GCA_000827185.1	0		
GCA_000827195.1	2	KIJ92374.1,KIJ93864.1	Lipoxygenase,Lipoxygenase
GCA_000827205.1	0		
GCA_000827215.1	2	KIJ29020.1,KIJ30185.1	Lipoxygenase,Lipoxygenase
GCA_000827255.1	0		
GCA_000827265.1	2	KIK54179.1,KIK57231.1	Lipoxygenase,Lipoxygenase
GCA_000827275.1	0		
GCA_000827315.1	0		
GCA_000827325.1	0		
GCA_000827335.1	0		
GCA_000827355.1	1	KIM43891.1	Lipoxygenase
GCA_000827395.1	0		
GCA_000827425.1	0		
GCA_000827465.1	0		
GCA_000827475.1	0		
GCA_000827485.1	0		
GCA_000827495.1	5	KJA16209.1,KJA20528.1,KJA22635.1,KJA22639.1,KJA29686.1	Lipoxygenase,Lipoxygenase,Lipoxygenase,Lipoxygenase,Lipoxygenase
GCA_000829775.1	0		
GCA_000832265.1	0		
GCA_000835395.1	0		
GCA_000835435.1	2	KIW70238.1,KIW70262.1	Lipoxygenase,Lipoxygenase
GCA_000835745.1	0		
GCA_000836255.1	1	GAM84716.1	Lipoxygenase
GCA_000836455.1	0		
GCA_000855695.1	0		
GCA_000934385.1	0		
GCA_000934395.1	0		
GCA_000938895.1	0		
GCA_000945115.1	0		
GCA_000956045.1	0		
GCA_000966595.1	2	KJX97721.1,KJY01474.1	Lipoxygenase,Lipoxygenase
GCA_000968615.1	0		
GCA_000978885.1	0		
GCA_000985935.1	1	CRG92687.1	Lipoxygenase
GCA_000986645.1	0		
GCA_000986665.1	0		
GCA_000988865.1	1	KKO97647.1	Lipoxygenase
GCA_000988875.2	0		
GCA_001006345.1	0		
GCA_001006365.1	2	KKY32647.1,KKY33814.1	Lipoxygenase,Lipoxygenase
GCA_001014755.1	0		
GCA_001020605.1	0		
GCA_001023035.1	3	KLO80561.1,KLO86396.1,KLO89412.1	Lipoxygenase,Lipoxygenase,Lipoxygenase
GCA_001048715.1	0		
GCA_001050175.1	0		
GCA_001078035.1	0		
GCA_001189435.1	0		
GCA_001245095.1	0		
GCA_001263195.1	0		
GCA_001263375.1	0		
GCA_001268145.1	0		
GCA_001272575.2	0		
GCA_001275765.2	1	KXX77619.1	Lipoxygenase
GCA_001278495.1	2	KOS18557.1,KOS19568.1	Lipoxygenase,Lipoxygenase
GCA_001278595.1	1	KOS41619.1	Lipoxygenase
GCA_001292635.1	2	KPA36537.1,KPA36692.1	Lipoxygenase,Lipoxygenase
GCA_001305275.1	0		
GCA_001306435.1	2	KPM41424.1,KPM44155.1	Lipoxygenase,Lipoxygenase
GCA_001413975.1	0		
GCA_001417835.1	0		
GCA_001432165.1	0		
GCA_001445595.3	4	GAP88549.1,GAP92530.1,GAP93054.1,GAW25224.1	Lipoxygenase,Lipoxygenase,Lipoxygenase,Lipoxygenase
GCA_001466705.1	0		
GCA_001481415.2	0		
GCA_001511075.1	0		
GCA_001513925.1	5	KUM56247.1,KUM57254.1,KUM61459.1,KUM61460.1,KUM63111.1	Lipoxygenase,Lipoxygenase,Lipoxygenase,Lipoxygenase,Lipoxygenase
GCA_001541205.1	0		
GCA_001563115.1	1	KXH41780.1	Lipoxygenase
GCA_001563125.1	1	KXH64208.1	Lipoxygenase
GCA_001563135.1	1	KXH31885.1	Lipoxygenase
GCA_001563735.1	0		
GCA_001566295.1	1	KXJ86478.1	Lipoxygenase
GCA_001574975.1	0		
GCA_001578225.1	3	KXT07803.1,KXT07805.1,KXT07807.1	Lipoxygenase,Lipoxygenase,Lipoxygenase
GCA_001578235.1	1	KXT03011.1	Lipoxygenase
GCA_001592465.1	0		
GCA_001592805.2	0		
GCA_001593125.1	0		
GCA_001600855.1	0		
GCA_001605315.2	0		
GCA_001625265.1	2	KZL70102.1,KZL71886.1	Lipoxygenase,Lipoxygenase
GCA_001625285.1	1	KZL68193.1	Lipoxygenase
GCA_001630335.1	0		
GCA_001630345.1	0		
GCA_001630475.1	0		
GCA_001632345.1	0		
GCA_001632355.1	0		
GCA_001632375.1	0		
GCA_001632425.1	0		
GCA_001632435.1	0		
GCA_001632445.1	0		
GCA_001633055.2	0		
GCA_001634645.1	0		
GCA_001636675.1	1	OAA32206.1	Lipoxygenase
GCA_001636715.1	0		
GCA_001636735.1	0		
GCA_001636815.1	0		
GCA_001642395.1	0		
GCA_001642415.1	0		
GCA_001644525.1	1	OAK95547.1	Lipoxygenase
GCA_001644535.1	0		
GCA_001645005.2	0		
GCA_001645015.2	0		
GCA_001645045.2	0		
GCA_001646985.1	3	OAL18399.1,OAL19024.1,OAL29080.1	Lipoxygenase,Lipoxygenase,Lipoxygenase
GCA_001651435.1	0		
GCA_001653215.1	1	OAR01608.1	Lipoxygenase
GCA_001654555.2	2	KAF4502246.1,KAF4502483.1	Lipoxygenase,Lipoxygenase
GCA_001658105.1	0		
GCA_001660665.1	0		
GCA_001661245.1	0		
GCA_001661315.1	0		
GCA_001661325.1	0		
GCA_001661425.1	0		
GCA_001661475.1	0		
GCA_001662575.1	0		
GCA_001662585.1	2	OBT47352.1,OBT48875.1	Lipoxygenase,Lipoxygenase
GCA_001662595.1	1	OBT51110.1	Lipoxygenase
GCA_001662605.1	0		
GCA_001662645.1	0		
GCA_001664025.1	0		
GCA_001673695.2	0		
GCA_001682635.1	0		
GCA_001683725.1	0		
GCA_001683735.1	0		
GCA_001687445.1	0		
GCA_001691755.2	0		
GCA_001691775.3	0		
GCA_001691785.2	2	KAF8691581.1,KAF8727248.1	Lipoxygenase,Lipoxygenase
GCA_001691835.3	0		
GCA_001692735.1	0		
GCA_001692895.1	2	OCK92037.1,OCK96606.1	Lipoxygenase,Lipoxygenase
GCA_001692915.1	2	OCL06344.1,OCL10528.1	Lipoxygenase,Lipoxygenase
GCA_001696595.2	0		
GCA_001700775.1	1	OCT49944.1	Lipoxygenase
GCA_001702395.2	1	POS75928.1	Lipoxygenase
GCA_001703955.2	1	KAF0645742.1	Lipoxygenase
GCA_001708085.1	0		
GCA_001708105.1	0		
GCA_001713645.1	0		
GCA_001717485.1	0		
GCA_001720245.1	0		
GCA_001747045.1	0		
GCA_001747055.1	0		
GCA_001749795.1	0		
GCA_001761485.1	0		
GCA_001879275.1	1	OIW29400.1	Lipoxygenase
GCA_001882365.1	0		
GCA_001883805.1	0		
GCA_001883825.1	0		
GCA_001889945.1	0		
GCA_001895945.1	0		
GCA_001908125.1	0		
GCA_001913855.2	0		
GCA_001929475.1	0		
GCA_001937105.1	0		
GCA_001950575.1	0		
GCA_001953115.1	0		
GCA_001969505.1	0		
GCA_001970855.1	0		
GCA_001975905.1	0		
GCA_001983305.1	0		
GCA_001984395.2	0		
GCA_001990825.1	0		
GCA_002003505.1	3	GAW13292.1,GAW18197.1,GAW20061.1	Lipoxygenase,Lipoxygenase,Lipoxygenase
GCA_002007945.1	1	OOO14598.1	Lipoxygenase
GCA_002007985.1	0		
GCA_002022785.1	1	OPB44480.1	Lipoxygenase
GCA_002072245.1	0		
GCA_002072255.1	1	OQE04593.1	Lipoxygenase
GCA_002072265.1	1	OQD68316.1	Lipoxygenase
GCA_002072345.1	0		
GCA_002072365.1	0		
GCA_002072375.1	1	OQE29463.1	Lipoxygenase
GCA_002072405.1	0		
GCA_002072425.1	1	OQE84752.1	Lipoxygenase
GCA_002077065.1	0		
GCA_002081675.1	0		
GCA_002083735.1	0		
GCA_002087885.1	0		
GCA_002087915.1	0		
GCA_002092935.1	0		
GCA_002102555.1	0		
GCA_002104895.1	0		
GCA_002104905.1	0		
GCA_002104935.1	0		
GCA_002104945.1	0		
GCA_002104985.1	5	ORY28366.1,ORY31562.1,ORY31563.1,ORY40400.1,ORY51451.1	Lipoxygenase,Lipoxygenase,Lipoxygenase,Lipoxygenase,Lipoxygenase
GCA_002105025.1	0		
GCA_002105055.1	0		
GCA_002105065.1	0		
GCA_002105135.1	0		
GCA_002105175.1	0		
GCA_002116315.1	1	OSS47641.1	Lipoxygenase
GCA_002120305.1	1	OTA96549.1	Lipoxygenase
GCA_002120325.1	0		
GCA_002120335.1	1	OTA66024.1	Lipoxygenase
GCA_002157105.1	0		
GCA_002204255.1	1	OWP02810.1	Lipoxygenase
GCA_002215745.1	0		
GCA_002234965.2	0		
GCA_002240705.1	0		
GCA_002261195.1	0		
GCA_002276285.1	0		
GCA_002276475.2	1	TAQ89914.1	Lipoxygenase
GCA_002286715.1	0		
GCA_002287475.2	0		
GCA_002307675.1	0		
GCA_002307695.1	0		
GCA_002382855.1	0		
GCA_002443195.2	1	RAQ53896.1	Lipoxygenase
GCA_002554575.1	0		
GCA_002572855.1	0		
GCA_002572885.1	0		
GCA_002573585.1	0		
GCA_002573605.1	0		
GCA_002591385.1	0		
GCA_002591395.1	0		
GCA_002591415.1	0		
GCA_002705745.1	0		
GCA_002760635.1	0		
GCA_002812745.2	0		
GCA_002818225.1	0		
GCA_002844615.1	2	PKR97514.1,PKS03270.1	Lipoxygenase,Lipoxygenase
GCA_002850765.1	0		
GCA_002865625.1	0		
GCA_002865655.1	0		
GCA_002873125.1	0		
GCA_002892985.1	0		
GCA_002894225.1	2	PNP78621.1,PNP82125.1	Lipoxygenase,Lipoxygenase
GCA_002895985.1	2	PNS20121.1,PNS21776.1	Lipoxygenase,Lipoxygenase
GCA_002900925.1	0		
GCA_002901185.1	0		
GCA_002916505.1	0		
GCA_002918395.1	0		
GCA_002920065.1	0		
GCA_002922495.1	0		
GCA_002933655.1	2	PPJ58904.1,PPJ61238.1	Lipoxygenase,Lipoxygenase
GCA_002938355.1	0		
GCA_002938375.1	0		
GCA_002938385.1	1	PPQ96160.1	Lipoxygenase
GCA_002946385.1	3	PQE07978.1,PQE08359.1,PQE11724.1	Lipoxygenase,Lipoxygenase,Lipoxygenase
GCA_002946415.1	1	PQE24610.1	Lipoxygenase
GCA_002946425.1	2	PQE14045.1,PQE26461.1	Lipoxygenase,Lipoxygenase
GCA_002980475.2	3	KAF4334857.1,KAF4335365.1,KAF4335872.1	Lipoxygenase,Lipoxygenase,Lipoxygenase
GCA_003012105.1	1	RFU77717.1	Lipoxygenase
GCA_003012285.1	2	RGP71813.1,RGP81437.1	Lipoxygenase,Lipoxygenase
GCA_003012315.1	3	RGP66707.1,RGP67949.1,RGP71326.1	Lipoxygenase,Lipoxygenase,Lipoxygenase
GCA_003013795.1	2	PSK51962.1,PSK60223.1	Lipoxygenase,Lipoxygenase
GCA_003016335.1	0		
GCA_003019895.1	1	PSR97770.1	Lipoxygenase
GCA_003025155.1	0		
GCA_003070745.1	0		
GCA_003073295.1	0		
GCA_003073855.1	1	PVH93852.1	Lipoxygenase
GCA_003073865.1	2	PVH71666.1,PVH79711.1	Lipoxygenase,Lipoxygenase
GCA_003086715.1	0		
GCA_003086735.1	0		
GCA_003097675.1	0		
GCA_003144125.1	0		
GCA_003144235.1	0		
GCA_003171515.3	0		
GCA_003182015.1	0		
GCA_003184635.1	0		
GCA_003184645.1	0		
GCA_003184685.1	0		
GCA_003184705.1	0		
GCA_003260565.1	1	RAL60663.1	Lipoxygenase
GCA_003268315.1	1	RAQ98786.1	Lipoxygenase
GCA_003290285.1	3	RBA11108.1,RBA14912.1,RBA21165.1	Lipoxygenase,Lipoxygenase,Lipoxygenase
GCA_003316975.2	3	RBQ76479.1,RBQ77723.1,RBQ80817.1	Lipoxygenase,Lipoxygenase,Lipoxygenase
GCA_003325415.1	0		
GCA_003325435.1	0		
GCA_003339415.1	0		
GCA_003339455.1	0		
GCA_003344505.1	0		
GCA_003367725.1	1	RDX42674.1	Lipoxygenase
GCA_003369635.1	2	RDW56625.1,RDW73690.1	Lipoxygenase,Lipoxygenase
GCA_003369665.1	2	RDW68080.1,RDW88001.1	Lipoxygenase,Lipoxygenase
GCA_003426265.1	3	RYC55919.1,RYC64558.1,RYC65807.1	Lipoxygenase,Lipoxygenase,Lipoxygenase
GCA_003547095.1	0		
GCA_003549995.1	0		
GCA_003550305.1	0		
GCA_003550325.1	0		
GCA_003574525.1	0		
GCA_003589665.1	0		
GCA_003610855.1	0		
GCA_003611235.1	0		
GCA_003614695.1	0		
GCA_003615045.1	0		
GCA_003615115.1	4	RKK66013.1,RKK67454.1,RKK70375.1,RKK71979.1	Lipoxygenase,Lipoxygenase,Lipoxygenase,Lipoxygenase
GCA_003635345.1	1	RKU44080.1	Lipoxygenase
GCA_003676015.1	0		
GCA_003676035.1	0		
GCA_003693665.1	0		
GCA_003698115.1	0		
GCA_003698175.1	2	RMJ15885.1,RMJ17197.1	Lipoxygenase,Lipoxygenase
GCA_003704345.1	1	RMX83089.1	Lipoxygenase
GCA_003709825.1	0		
GCA_003709845.1	0		
GCA_003709865.1	0		
GCA_003788565.2	2	RPA81441.1,RPA82477.1	Lipoxygenase,Lipoxygenase
GCA_003788595.2	0		
GCA_003788615.2	3	RPB19800.1,RPB23392.1,RPB29154.1	Lipoxygenase,Lipoxygenase,Lipoxygenase
GCA_003790465.1	0		
GCA_003795275.1	1	ROV98954.1	Lipoxygenase
GCA_003795295.1	1	ROW13068.1	Lipoxygenase
GCA_003795315.1	1	ROW12783.1	Lipoxygenase
GCA_003813205.1	0		
GCA_003814445.1	1	QPG95133.1	Lipoxygenase
GCA_003850985.1	1	GCB27610.1	Lipoxygenase
GCA_003942215.1	3	RSH85432.1,RSH89710.1,RSH89950.1	Lipoxygenase,Lipoxygenase,Lipoxygenase
GCA_003946985.1	2	RSL42143.1,RSL59041.1	Lipoxygenase,Lipoxygenase
GCA_003946995.1	2	RSL91428.1,RSM12508.1	Lipoxygenase,Lipoxygenase
GCA_003947005.1	2	RSL80305.1,RSL83519.1	Lipoxygenase,Lipoxygenase
GCA_003947015.1	2	RSL61350.1,RSL72936.1	Lipoxygenase,Lipoxygenase
GCA_003947045.1	2	RSL92717.1,RSM19511.1	Lipoxygenase,Lipoxygenase
GCA_003957675.1	2	RTE83532.1,RTE85426.1	Lipoxygenase,Lipoxygenase
GCA_003990745.1	0		
GCA_003990785.1	1	RUS22218.1	Lipoxygenase
GCA_004000055.1	3	RVD85064.1,RVD89109.1,RVD89536.1	Lipoxygenase,Lipoxygenase,Lipoxygenase
GCA_004000155.1	0		
GCA_004011705.1	1	KAF9694029.1	Lipoxygenase
GCA_004014815.1	2	RWA07020.1,RWA14102.1	Lipoxygenase,Lipoxygenase
GCA_004115165.2	0		
GCA_004117975.1	0		
GCA_004126415.1	0		
GCA_004154915.1	3	RYO85154.1,RYP03080.1,RYP08104.1	Lipoxygenase,Lipoxygenase,Lipoxygenase
GCA_004154925.1	2	RYO73808.1,RYO74740.1	Lipoxygenase,Lipoxygenase
GCA_004154975.1	2	RYP15446.1,RYP31895.1	Lipoxygenase,Lipoxygenase
GCA_004155035.1	3	RYP62440.1,RYP72922.1,RYP77227.1	Lipoxygenase,Lipoxygenase,Lipoxygenase
GCA_004155055.1	3	RYP47321.1,RYP62234.1,RYP80629.1	Lipoxygenase,Lipoxygenase,Lipoxygenase
GCA_004155915.1	3	RYP57846.1,RYP58013.1,RYP64173.1	Lipoxygenase,Lipoxygenase,Lipoxygenase
GCA_004155935.1	2	RYO96186.1,RYP07234.1	Lipoxygenase,Lipoxygenase
GCA_004155945.1	3	RYP50556.1,RYP51510.1,RYP54499.1	Lipoxygenase,Lipoxygenase,Lipoxygenase
GCA_004156025.2	1	KAB2100078.1	Lipoxygenase
GCA_004156035.1	3	RYO45328.1,RYO47910.1,RYO48287.1	Lipoxygenase,Lipoxygenase,Lipoxygenase
GCA_004217705.1	0		
GCA_004307905.1	0		
GCA_004324935.1	0		
GCA_004325065.1	0		
GCA_004325075.1	0		
GCA_004332605.1	0		
GCA_004337975.1	1	TLD33398.1	Lipoxygenase
GCA_004346965.1	1	QBZ60215.1	Lipoxygenase
GCA_004355085.1	0		
GCA_004366825.1	2	TDZ30501.1,TDZ36634.1	Lipoxygenase,Lipoxygenase
GCA_004367215.1	2	TDZ40508.1,TDZ62083.1	Lipoxygenase,Lipoxygenase
GCA_004369045.1	0		
GCA_004369055.1	1	TFK82644.1	Lipoxygenase
GCA_004369065.1	3	TFK59452.1,TFK62020.1,TFK76201.1	Lipoxygenase,Lipoxygenase,Lipoxygenase
GCA_004369125.1	0		
GCA_004369135.1	1	THU97594.1	Lipoxygenase
GCA_004369175.1	6	TEB12677.1,TEB17475.1,TEB21805.1,TEB22444.1,TEB22491.1,TEB22492.1	Lipoxygenase,Lipoxygenase,Lipoxygenase,Lipoxygenase,Lipoxygenase,Lipoxygenase
GCA_004379285.1	2	TEY42033.1,TEY61281.1	Lipoxygenase,Lipoxygenase
GCA_004379715.1	0		
GCA_004522665.1	0		
GCA_004679265.1	0		
GCA_004679275.1	0		
GCA_004681135.1	0		
GCA_004768765.1	3	TGJ62436.1,TGJ64766.1,TGJ67629.1	Lipoxygenase,Lipoxygenase,Lipoxygenase
GCA_004768795.1	3	TGJ78418.1,TGJ80740.1,TGJ81416.1	Lipoxygenase,Lipoxygenase,Lipoxygenase
GCA_004786065.1	1	TGZ77884.1	Lipoxygenase
GCA_004786125.1	2	TGO11678.1,TGO13832.1	Lipoxygenase,Lipoxygenase
GCA_004786145.1	2	TGO18605.1,TGO20855.1	Lipoxygenase,Lipoxygenase
GCA_004786225.1	2	TGO49141.1,TGO57249.1	Lipoxygenase,Lipoxygenase
GCA_004786245.1	2	TGO31900.1,TGO39184.1	Lipoxygenase,Lipoxygenase
GCA_004786275.1	2	TGO49372.1,TGO61318.1	Lipoxygenase,Lipoxygenase
GCA_004802695.1	0		
GCA_004802705.1	0		
GCA_004802725.1	0		
GCA_004916875.1	2	THV45565.1,THV48077.1	Lipoxygenase,Lipoxygenase
GCA_004917105.1	1	THV76625.1	Lipoxygenase
GCA_004917845.1	0		
GCA_004917925.1	0		
GCA_004918325.1	0		
GCA_004931855.1	0		
GCA_005059845.1	0		
GCA_005059855.1	0		
GCA_005059865.1	0		
GCA_005059875.1	0		
GCA_005059885.1	0		
GCA_005298045.1	0		
GCA_005350895.1	0		
GCA_005406065.1	0		
GCA_005406105.1	0		
GCA_006352295.1	0		
GCA_006535955.1	0		
GCA_006535965.1	0		
GCA_006535975.1	1	TPX56747.1	Lipoxygenase
GCA_006536005.1	0		
GCA_006542485.1	0		
GCA_006783085.1	0		
GCA_006912115.1	0		
GCA_006981975.1	1	TQW10237.1	Lipoxygenase
GCA_007026445.1	0		
GCA_007182795.1	4	TRX90662.1,TRX95613.1,TRX96571.1,TRX98787.1	Lipoxygenase,Lipoxygenase,Lipoxygenase,Lipoxygenase
GCA_007735645.1	1	QDS69257.1	Lipoxygenase
GCA_007821475.1	1	TVY15069.1	Lipoxygenase
GCA_007821535.1	1	TVY47764.1	Lipoxygenase
GCA_007821545.1	1	TVY34757.1	Lipoxygenase
GCA_007825325.1	1	TVY56618.1	Lipoxygenase
GCA_007825345.1	0		
GCA_007825375.1	1	TVY94043.1	Lipoxygenase
GCA_007866325.1	0		
GCA_008065275.1	0		
GCA_008080495.1	0		
GCA_008355005.1	0		
GCA_008520325.1	0		
GCA_008692225.1	1	KAA8566110.1	Lipoxygenase
GCA_008692325.1	1	KAA8634957.1	Lipoxygenase
GCA_008704415.1	0		
GCA_008704605.1	0		
GCA_009014675.2	0		
GCA_009078325.1	0		
GCA_009176345.1	1	KAB8067240.1	Lipoxygenase
GCA_009176385.1	0		
GCA_009176405.1	0		
GCA_009176455.1	0		
GCA_009193465.1	0		
GCA_009193485.1	0		
GCA_009193505.1	0		
GCA_009193525.1	0		
GCA_009193545.1	0		
GCA_009193565.1	1	KAE8349446.1	Lipoxygenase
GCA_009193595.1	0		
GCA_009193665.1	0		
GCA_009299455.1	3	KAB8286797.1,KAB8293443.1,KAB8301681.1	Lipoxygenase,Lipoxygenase,Lipoxygenase
GCA_009428275.1	0		
GCA_009428295.1	0		
GCA_009556855.1	0		
GCA_009613015.1	1	KAE8443207.1	Lipoxygenase
GCA_009732865.1	1	KAE9371860.1	Lipoxygenase
GCA_009733575.1	1	KAE9408491.1	Lipoxygenase
GCA_009769405.1	0		
GCA_009806415.1	2	KAF0319267.1,KAF0327504.1	Lipoxygenase,Lipoxygenase
GCA_009809945.1	0		
GCA_009982845.1	1	KAF1344887.1	Lipoxygenase
GCA_009982855.1	1	KAF1361059.1	Lipoxygenase
GCA_010015605.1	1	KAF1828118.1	Lipoxygenase
GCA_010015635.1	0		
GCA_010015655.1	2	KAF1969683.1,KAF1979237.1	Lipoxygenase,Lipoxygenase
GCA_010015675.1	1	KAF1958514.1	Lipoxygenase
GCA_010015705.1	0		
GCA_010015725.1	0		
GCA_010015745.1	0		
GCA_010015785.1	0		
GCA_010015805.1	1	KAF2094797.1	Lipoxygenase
GCA_010015815.1	1	KAF2128706.1	Lipoxygenase
GCA_010015825.1	0		
GCA_010093485.1	2	KAF2443465.1,KAF2451749.1	Lipoxygenase,Lipoxygenase
GCA_010093515.1	0		
GCA_010093585.1	1	KAF2797245.1	Lipoxygenase
GCA_010093605.1	0		
GCA_010093635.1	1	KAF2637306.1	Lipoxygenase
GCA_010093685.1	1	KAF2820291.1	Lipoxygenase
GCA_010093695.1	0		
GCA_010093705.1	0		
GCA_010093715.1	1	KAF2704147.1	Lipoxygenase
GCA_010093745.1	0		
GCA_010093785.1	0		
GCA_010093795.1	0		
GCA_010093805.1	0		
GCA_010093825.1	0		
GCA_010093895.1	0		
GCA_010093925.1	0		
GCA_010093945.1	1	KAF2204664.1	Lipoxygenase
GCA_010093985.1	2	KAF2211750.1,KAF2213238.1	Lipoxygenase,Lipoxygenase
GCA_010093995.1	2	KAF2219307.1,KAF2221617.1	Lipoxygenase,Lipoxygenase
GCA_010094025.1	1	KAF2240034.1	Lipoxygenase
GCA_010094045.1	0		
GCA_010094095.1	0		
GCA_010203745.1	0		
GCA_010356995.1	0		
GCA_010405375.1	1	KAF2657154.1	Lipoxygenase
GCA_010405405.1	0		
GCA_010405425.1	1	KAF2680562.1	Lipoxygenase
GCA_010583015.1	0		
GCA_011022315.1	0		
GCA_011032825.1	1	KAF2874845.1	Lipoxygenase
GCA_011057905.1	3	KAF2963454.1,KAF2965240.1,KAF2966335.1	Lipoxygenase,Lipoxygenase,Lipoxygenase
GCA_011058865.1	2	KAF3038251.1,KAF3052848.1	Lipoxygenase,Lipoxygenase
GCA_011058875.1	1	KAF3026756.1	Lipoxygenase
GCA_011058885.1	0		
GCA_011058895.1	1	KAF3037682.1	Lipoxygenase
GCA_011058905.1	1	KAF2999784.1	Lipoxygenase
GCA_011066345.1	1	KAF3063399.1	Lipoxygenase
GCA_011392495.1	0		
GCA_011392555.1	1	KAF3388424.1	Lipoxygenase
GCA_011503125.2	0		
GCA_011763585.1	0		
GCA_011763775.1	0		
GCA_011800055.1	3	KAF3805208.1,KAF3806927.1,KAF3809531.1	Lipoxygenase,Lipoxygenase,Lipoxygenase
GCA_011800875.2	0		
GCA_011947485.2	2	KAH0432690.1,KAH0438705.1	Lipoxygenase,Lipoxygenase
GCA_012184295.1	2	KAF3935738.1,KAF3936237.1	Lipoxygenase,Lipoxygenase
GCA_012184305.1	1	KAF3907200.1	Lipoxygenase
GCA_012184315.1	2	KAF3908162.1,KAF3908373.1	Lipoxygenase,Lipoxygenase
GCA_012184355.1	3	KAF3904859.1,KAF3914848.1,KAF3926232.1	Lipoxygenase,Lipoxygenase,Lipoxygenase
GCA_012295545.2	0		
GCA_012656285.1	1	KAF4239906.1	Lipoxygenase
GCA_012931995.1	1	KAF4466286.1	Lipoxygenase
GCA_012932025.1	0		
GCA_012934285.1	0		
GCA_012977835.1	2	KAF4550570.1,KAF4551078.1	Lipoxygenase,Lipoxygenase
GCA_012980515.1	0		
GCA_012980535.1	4	KAF4581724.1,KAF4581725.1,KAF4581728.1,KAF4599344.1	Lipoxygenase,Lipoxygenase,Lipoxygenase,Lipoxygenase
GCA_013053245.1	0		
GCA_013054445.1	1	KAF4634921.1	Lipoxygenase
GCA_013138035.1	0		
GCA_013201765.1	2	KAF4918549.1,KAF4919158.1	Lipoxygenase,Lipoxygenase
GCA_013201785.1	2	KAF4814853.1,KAF4815460.1	Lipoxygenase,Lipoxygenase
GCA_013266165.1	2	KAF4989606.1,KAF4991493.1	Lipoxygenase,Lipoxygenase
GCA_013266175.1	2	KAF4956916.1,KAF4958927.1	Lipoxygenase,Lipoxygenase
GCA_013266185.1	0		
GCA_013266195.1	1	KAF4984881.1	Lipoxygenase
GCA_013266205.1	1	KAF5004197.1	Lipoxygenase
GCA_013266265.1	0		
GCA_013305495.1	2	KAF5123430.1,KAF5133460.1	Lipoxygenase,Lipoxygenase
GCA_013305925.1	0		
GCA_013364935.1	2	KAF5237442.1,KAF5253643.1	Lipoxygenase,Lipoxygenase
GCA_013364965.1	1	KAF5240800.1	Lipoxygenase
GCA_013365045.1	0		
GCA_013368295.1	1	KAF5321170.1	Lipoxygenase
GCA_013368315.1	0		
GCA_013368325.1	0		
GCA_013368375.1	0		
GCA_013368445.1	0		
GCA_013368555.1	2	KAF5367597.1,KAF5367613.1	Lipoxygenase,Lipoxygenase
GCA_013395995.1	3	KAF5564496.1,KAF5582547.1,KAF5584316.1	Lipoxygenase,Lipoxygenase,Lipoxygenase
GCA_013396005.1	2	KAF5546760.1,KAF5564839.1	Lipoxygenase,Lipoxygenase
GCA_013396015.1	2	KAF5541995.1,KAF5543342.1	Lipoxygenase,Lipoxygenase
GCA_013396025.1	2	KAF5538460.1,KAF5566699.1	Lipoxygenase,Lipoxygenase
GCA_013396035.1	2	KAF5582112.1,KAF5601773.1	Lipoxygenase,Lipoxygenase
GCA_013396095.1	2	KAF5627130.1,KAF5640415.1	Lipoxygenase,Lipoxygenase
GCA_013396165.1	3	KAF5699835.1,KAF5715796.1,KAF5717846.1	Lipoxygenase,Lipoxygenase,Lipoxygenase
GCA_013396175.1	2	KAF5671921.1,KAF5672472.1	Lipoxygenase,Lipoxygenase
GCA_013396185.1	2	KAF5659387.1,KAF5664402.1	Lipoxygenase,Lipoxygenase
GCA_013396205.1	2	KAF5711763.1,KAF5720100.1	Lipoxygenase,Lipoxygenase
GCA_013396255.1	3	KAF5633458.1,KAF5642978.1,KAF5651851.1	Lipoxygenase,Lipoxygenase,Lipoxygenase
GCA_013396295.1	2	KAF5658675.1,KAF5664265.1	Lipoxygenase,Lipoxygenase
GCA_013416765.1	0		
GCA_013421405.2	0		
GCA_013423425.1	1	GFP53340.1	Lipoxygenase
GCA_013426205.1	2	QLI63474.1,QLI66047.1	Lipoxygenase,Lipoxygenase
GCA_013694445.1	0		
GCA_013758895.1	2	KAF5981976.1,KAF5984591.1	Lipoxygenase,Lipoxygenase
GCA_013781345.1	2	KAF5979484.1,KAF5981550.1	Lipoxygenase,Lipoxygenase
GCA_014049485.1	0		
GCA_014065205.1	0		
GCA_014065215.1	0		
GCA_014235935.1	1	KAF6826028.1	Lipoxygenase
GCA_014235945.1	1	KAF6827115.1	Lipoxygenase
GCA_014281905.1	0		
GCA_014281915.1	1	KAF7181246.1	Lipoxygenase
GCA_014298035.1	1	KAF7197756.1	Lipoxygenase
GCA_014462655.1	0		
GCA_014462675.1	0		
GCA_014607435.1	0		
GCA_014621375.1	0		
GCA_014621405.1	0		
GCA_014621425.1	2	KAF7554099.1,KAF7557089.1	Lipoxygenase,Lipoxygenase
GCA_014621435.1	1	KAF7524016.1	Lipoxygenase
GCA_014764975.1	4	KAF9767134.1,KAF9769304.1,KAF9774939.1,KAF9774941.1	Lipoxygenase,Lipoxygenase,Lipoxygenase,Lipoxygenase
GCA_014805555.1	0		
GCA_014805705.1	0		
GCA_014839625.1	0		
GCA_014839865.1	0		
GCA_014839935.1	0		
GCA_014898285.1	2	KAF7945532.1,KAF7957123.1	Lipoxygenase,Lipoxygenase
GCA_014898415.1	2	KAF7854657.1,KAF7862991.1	Lipoxygenase,Lipoxygenase
GCA_014898425.1	2	KAF7890674.1,KAF7901518.1	Lipoxygenase,Lipoxygenase
GCA_014898485.1	2	KAF7858322.1,KAF7865128.1	Lipoxygenase,Lipoxygenase
GCA_014898555.1	2	KAF7903824.1,KAF7916725.1	Lipoxygenase,Lipoxygenase
GCA_014898675.1	0		
GCA_014904835.1	0		
GCA_014904845.1	1	KAF8859224.1	Lipoxygenase
GCA_014904855.1	0		
GCA_014904895.1	0		
GCA_014904905.1	1	KAF8253319.1	Lipoxygenase
GCA_014904935.1	0		
GCA_014905795.1	0		
GCA_014905825.1	0		
GCA_014925785.1	0		
GCA_014925795.1	0		
GCA_014925825.1	2	KAF8166230.1,KAF8204578.1	Lipoxygenase,Lipoxygenase
GCA_014925845.1	2	KAF8153345.1,KAF8153346.1	Lipoxygenase,Lipoxygenase
GCA_015025155.1	0		
GCA_015039315.1	0		
GCA_015039355.1	0		
GCA_015039365.1	0		
GCA_015039395.1	0		
GCA_015039435.1	0		
GCA_015178925.1	0		
GCA_015178965.1	0		
GCA_015178975.1	0		
GCA_015178995.1	0		
GCA_015179025.1	2	KAF8438291.1,KAF8458613.1	Lipoxygenase,Lipoxygenase
GCA_015179035.1	3	KAF8420513.1,KAF8424865.1,KAF8426064.1	Lipoxygenase,Lipoxygenase,Lipoxygenase
GCA_015179045.1	3	KAF8451722.1,KAF8465484.1,KAF8476812.1	Lipoxygenase,Lipoxygenase,Lipoxygenase
GCA_015179125.1	0		
GCA_015476405.1	1	KAF8830855.1	Lipoxygenase
GCA_015484465.1	1	KAF9476736.1	Lipoxygenase
GCA_015484515.1	2	KAF9491738.1,KAF9501727.1	Lipoxygenase,Lipoxygenase
GCA_015499975.1	1	KAF8925272.1	Lipoxygenase
GCA_015499985.1	0		
GCA_015499995.1	2	KAF8956686.1,KAF8958478.1	Lipoxygenase,Lipoxygenase
GCA_015500005.1	0		
GCA_015500155.1	0		
GCA_015501055.1	0		
GCA_015501065.1	0		
GCA_015501075.1	3	KAF8867753.1,KAF8873369.1,KAF8907867.1	Lipoxygenase,Lipoxygenase,Lipoxygenase
GCA_015501535.1	0		
GCA_015501585.1	0		
GCA_015501595.1	0		
GCA_015501605.1	0		
GCA_015502445.1	0		
GCA_015502465.1	0		
GCA_015502475.1	0		
GCA_015502485.1	0		
GCA_015502505.1	0		
GCA_015529505.1	0		
GCA_015529515.1	0		
GCA_015529785.1	0		
GCA_015529795.1	0		
GCA_015584075.1	1	KAF9465412.1	Lipoxygenase
GCA_015584085.1	0		
GCA_015657495.1	1	KAF9534645.1	Lipoxygenase
GCA_015679415.1	0		
GCA_015679535.1	0		
GCA_015679545.1	0		
GCA_015679585.1	0		
GCA_015679605.1	0		
GCA_015679695.1	1	KAF9380450.1	Lipoxygenase
GCA_015680635.1	0		
GCA_015698045.1	0		
GCA_015832245.1	0		
GCA_015832375.1	0		
GCA_015844325.1	0		
GCA_015847235.1	0		
GCA_015849295.1	1	KAF9980909.1	Lipoxygenase
GCA_015849325.1	0		
GCA_015849335.1	1	KAG0000571.1	Lipoxygenase
GCA_015852385.1	0		
GCA_015852425.1	0		
GCA_015852495.1	0		
GCA_015951145.1	0		
GCA_015956445.1	0		
GCA_016097715.1	0		
GCA_016097735.1	0		
GCA_016097755.1	0		
GCA_016097855.1	0		
GCA_016097895.1	0		
GCA_016097935.1	0		
GCA_016097945.1	0		
GCA_016098005.1	0		
GCA_016098015.1	0		
GCA_016098045.1	0		
GCA_016098085.1	0		
GCA_016098105.1	0		
GCA_016098155.1	0		
GCA_016098165.1	0		
GCA_016255985.1	0		
GCA_016256075.1	0		
GCA_016508695.1	0		
GCA_016584175.1	0		
GCA_016584185.1	0		
GCA_016584195.1	0		
GCA_016584205.1	0		
GCA_016584345.1	0		
GCA_016618355.2	0		
GCA_016628065.1	0		
GCA_016628085.1	0		
GCA_016628565.1	0		
GCA_016647645.1	0		
GCA_016647685.1	0		
GCA_016647755.1	0		
GCA_016695465.1	0		
GCA_016695475.1	0		
GCA_016695485.1	0		
GCA_016748015.1	0		
GCA_016748045.1	1	KAG2025151.1	Lipoxygenase
GCA_016758765.1	0		
GCA_016758895.1	0		
GCA_016758905.1	0		
GCA_016758935.1	0		
GCA_016758945.1	0		
GCA_016767475.1	0		
GCA_016800925.1	0		
GCA_016859295.1	0		
GCA_016906575.1	4	QRV79942.1,QRV85632.1,QRV94532.1,QRV99663.1	Lipoxygenase,Lipoxygenase,Lipoxygenase,Lipoxygenase
GCA_016946835.1	0		
GCA_016952355.1	1	QPC67821.1	Lipoxygenase
GCA_017301755.1	0		
GCA_017309325.2	2	KAG8623883.1,KAG8625598.1	Lipoxygenase,Lipoxygenase
GCA_017310585.1	0		
GCA_017311265.1	0		
GCA_017311285.1	0		
GCA_017315405.1	0		
GCA_017357885.1	2	QSZ28791.1,QSZ31504.1	Lipoxygenase,Lipoxygenase
GCA_017365405.1	2	KAG4413763.1,KAG4416368.1	Lipoxygenase,Lipoxygenase
GCA_017366145.1	1	KAG4436570.1	Lipoxygenase
GCA_017499595.1	0		
GCA_017607575.1	0		
GCA_017635955.1	0		
GCA_017639365.1	0		
GCA_017639385.1	0		
GCA_017655625.1	0		
GCA_018127085.1	0		
GCA_018282005.1	0		
GCA_018282025.1	0		
GCA_018296085.1	0		
GCA_018296165.1	0		
GCA_018296245.1	2	KAG5771669.1,KAG5774825.1	Lipoxygenase,Lipoxygenase
GCA_018342045.1	0		
GCA_018360045.1	1	KAG5914720.1	Lipoxygenase
GCA_018360055.1	1	KAG5939357.1	Lipoxygenase
GCA_018360065.1	1	KAG5939998.1	Lipoxygenase
GCA_018360075.1	1	KAG5963122.1	Lipoxygenase
GCA_018360135.1	0		
GCA_018360145.1	0		
GCA_018360175.1	1	KAG5972244.1	Lipoxygenase
GCA_018360185.1	1	KAG5985703.1	Lipoxygenase
GCA_018360205.1	1	KAG5981308.1	Lipoxygenase
GCA_018360215.1	1	KAG5992558.1	Lipoxygenase
GCA_018360225.1	1	KAG6012371.1	Lipoxygenase
GCA_018360255.1	1	KAG6005148.1	Lipoxygenase
GCA_018360275.1	1	KAG6034425.1	Lipoxygenase
GCA_018360325.1	1	KAG6064418.1	Lipoxygenase
GCA_018360345.1	1	KAG6079913.1	Lipoxygenase
GCA_018360355.1	1	KAG6033331.1	Lipoxygenase
GCA_018360365.1	1	KAG6038293.1	Lipoxygenase
GCA_018360375.1	1	KAG6053822.1	Lipoxygenase
GCA_018360385.1	1	KAG6070112.1	Lipoxygenase
GCA_018360435.1	1	KAG6086878.1	Lipoxygenase
GCA_018360445.1	1	KAG6096722.1	Lipoxygenase
GCA_018360465.1	1	KAG6103281.1	Lipoxygenase
GCA_018360475.1	1	KAG6155586.1	Lipoxygenase
GCA_018360525.1	1	KAG6049666.1	Lipoxygenase
GCA_018360575.1	1	KAG6092226.1	Lipoxygenase
GCA_018360595.1	1	KAG6107963.1	Lipoxygenase
GCA_018361025.1	1	KAG6297225.1	Lipoxygenase
GCA_018397855.1	0		
GCA_018854895.1	0		
GCA_018855395.1	0		
GCA_018855915.1	0		
GCA_018856295.1	0		
GCA_018857265.1	0		
GCA_018857285.1	0		
GCA_018857305.1	0		
GCA_018858115.1	0		
GCA_018902385.1	3	KAG6990984.1,KAG6997647.1,KAG6997827.1	Lipoxygenase,Lipoxygenase,Lipoxygenase
GCA_019096155.1	1	KAG7289376.1	Lipoxygenase
GCA_019201745.1	0		
GCA_019202705.1	0		
GCA_019207595.1	0		
GCA_019359905.1	0		
GCA_019359935.1	0		
GCA_019364595.1	0		
GCA_019434395.1	2	KAG8405920.1,KAG8422402.1	Lipoxygenase,Lipoxygenase
GCA_019454015.1	0		
GCA_019565615.1	1	QYS96957.1	Lipoxygenase
GCA_019616325.1	0		
GCA_019616345.1	3	KAG8677987.1,KAG8680918.1,KAG8718258.1	Lipoxygenase,Lipoxygenase,Lipoxygenase
GCA_019616915.1	0		
GCA_019616945.1	0		
GCA_019616975.1	0		
GCA_019623665.1	0		
GCA_019623675.1	0		
GCA_019623705.1	3	KAG8752563.1,KAG8761312.1,KAG8794865.1	Lipoxygenase,Lipoxygenase,Lipoxygenase
GCA_019627685.1	1	KAG8823413.1	Lipoxygenase
GCA_019627725.1	0		
GCA_019627735.1	0		
GCA_019627745.1	0		
GCA_019627755.1	0		
GCA_019632265.1	0		
GCA_019632275.1	0		
GCA_019632285.1	0		
GCA_019632295.1	0		
GCA_019632305.1	0		
GCA_019633405.1	0		
GCA_019633425.1	0		
GCA_019633455.1	0		
GCA_019633465.1	0		
GCA_019633485.1	0		
GCA_019633495.1	0		
GCA_019633535.1	0		
GCA_019633565.1	0		
GCA_019633595.1	0		
GCA_019669825.1	0		
GCA_019669835.1	0		
GCA_019669845.1	0		
GCA_019671135.1	0		
GCA_019677325.2	3	KAG9218348.1,KAG9218350.1,KAG9220578.1	Lipoxygenase,Lipoxygenase,Lipoxygenase
GCA_019677335.1	0		
GCA_019677355.1	0		
GCA_019677385.1	2	KAG9118499.1,KAG9121177.1	Lipoxygenase,Lipoxygenase
GCA_019702505.1	0		
GCA_019787685.1	0		
GCA_019804575.1	0		
GCA_019923975.1	1	KAG9524254.1	Lipoxygenase
GCA_019924955.1	1	KAH0294871.1	Lipoxygenase
GCA_019973155.1	0		
GCA_020002365.1	0		
GCA_020045945.2	1	KAH0530341.1	Lipoxygenase
GCA_020080175.1	1	KAH0539059.1	Lipoxygenase
GCA_020080795.1	0		
GCA_020091625.1	0		
GCA_020102295.1	2	KAH0597192.1,KAH0600426.1	Lipoxygenase,Lipoxygenase
GCA_020310465.1	0		
GCA_020310725.1	2	KAH0836978.1,KAH0837603.1	Lipoxygenase,Lipoxygenase
GCA_020536065.1	0		
GCA_020536115.1	0		
GCA_020536175.1	0		
GCA_020536225.1	0		
GCA_020557385.1	0		
GCA_020617735.1	0		
GCA_020623625.1	0		
GCA_020631695.1	0		
GCA_020726445.1	1	KAH6626725.1	Lipoxygenase
GCA_020726465.1	1	KAH6641319.1	Lipoxygenase
GCA_020726485.1	2	KAH6668488.1,KAH6679353.1	Lipoxygenase,Lipoxygenase
GCA_020726505.1	1	KAH6716585.1	Lipoxygenase
GCA_020726525.1	1	KAH6655409.1	Lipoxygenase
GCA_020726555.1	1	KAH6612136.1	Lipoxygenase
GCA_020726575.1	1	KAH6688494.1	Lipoxygenase
GCA_020736505.1	0		
GCA_020736525.1	0		
GCA_020736575.1	4	KAH6870941.1,KAH6879478.1,KAH6884010.1,KAH6892615.1	Lipoxygenase,Lipoxygenase,Lipoxygenase,Lipoxygenase
GCA_020740775.1	4	KAH6982558.1,KAH6986784.1,KAH6990021.1,KAH7024186.1	Lipoxygenase,Lipoxygenase,Lipoxygenase,Lipoxygenase
GCA_020744155.1	3	KAH6953878.1,KAH6971100.1,KAH6980653.1	Lipoxygenase,Lipoxygenase,Lipoxygenase
GCA_020744175.1	0		
GCA_020744185.1	0		
GCA_020744225.1	0		
GCA_020744255.1	1	KAH7018034.1	Lipoxygenase
GCA_020744275.1	1	KAH7017932.1	Lipoxygenase
GCA_020744335.1	4	KAH7150621.1,KAH7153722.1,KAH7165022.1,KAH7171668.1	Lipoxygenase,Lipoxygenase,Lipoxygenase,Lipoxygenase
GCA_020744375.1	3	KAH7131670.1,KAH7146704.1,KAH7146854.1	Lipoxygenase,Lipoxygenase,Lipoxygenase
GCA_020744385.1	1	KAH7191718.1	Lipoxygenase
GCA_020744415.1	0		
GCA_020744425.1	2	KAH7124418.1,KAH7127393.1	Lipoxygenase,Lipoxygenase
GCA_020744475.1	4	KAH7232146.1,KAH7232147.1,KAH7255145.1,KAH7267804.1	Lipoxygenase,Lipoxygenase,Lipoxygenase,Lipoxygenase
GCA_020744495.1	3	KAH7243960.1,KAH7254827.1,KAH7254950.1	Lipoxygenase,Lipoxygenase,Lipoxygenase
GCA_020744515.1	2	KAH7251392.1,KAH7255960.1	Lipoxygenase,Lipoxygenase
GCA_020746835.1	1	KAH7303981.1	Lipoxygenase
GCA_020746875.1	1	KAH7346897.1	Lipoxygenase
GCA_020746995.1	1	KAH7367116.1	Lipoxygenase
GCA_020747015.1	0		
GCA_020747045.1	1	KAH7380383.1	Lipoxygenase
GCA_020747065.1	0		
GCA_020800285.1	1	KAH7633240.1	Lipoxygenase
GCA_020884735.1	0		
GCA_020891255.1	0		
GCA_900000165.1	0		
GCA_900002365.1	0		
GCA_900073065.1	2	CZR58299.1,CZR67427.1	Lipoxygenase,Lipoxygenase
GCA_900074715.1	0		
GCA_900074725.1	0		
GCA_900074735.1	0		
GCA_900074745.1	0		
GCA_900074765.1	0		
GCA_900074885.1	1	CZS96184.1	Lipoxygenase
GCA_900074895.1	1	CZT46086.1	Lipoxygenase
GCA_900074905.1	1	CZS97532.1	Lipoxygenase
GCA_900079185.1	0		
GCA_900080155.1	0		
GCA_900096595.1	0		
GCA_900102585.1	0		
GCA_900106115.1	0		
GCA_900119595.1	0		
GCA_900120095.1	0		
GCA_900157425.1	0		
GCA_900162805.1	0		
GCA_900169345.1	0		
GCA_900180425.1	0		
GCA_900231935.2	0		
GCA_900237765.1	0		
GCA_900242695.1	0		
GCA_900242705.1	0		
GCA_900290415.1	2	VBB75490.1,VBB84536.1	Lipoxygenase,Lipoxygenase
GCA_900322975.1	0		
GCA_900323505.1	0		
GCA_900343105.1	1	SPQ21363.1	Lipoxygenase
GCA_900536885.1	0		
GCA_900660285.1	0		
GCA_902006505.2	4	CAG9982205.1,CAG9982368.1,CAG9989624.1,CAG9996867.1	Lipoxygenase,Lipoxygenase,Lipoxygenase,Lipoxygenase
GCA_902077795.2	2	CAH0019852.1,CAH0021648.1	Lipoxygenase,Lipoxygenase
GCA_902085965.1	3	VUC24540.1,VUC27271.1,VUC32691.1	Lipoxygenase,Lipoxygenase,Lipoxygenase
GCA_902141235.2	2	CAH0046577.1,CAH0047103.1	Lipoxygenase,Lipoxygenase
GCA_902728275.1	5	CAA7258483.1,CAA7259312.1,CAA7262624.1,CAA7265509.1,CAA7267408.1	Lipoxygenase,Lipoxygenase,Lipoxygenase,Lipoxygenase,Lipoxygenase
GCA_903819635.1	1	CAD0096231.1	Lipoxygenase
GCA_903819665.1	1	CAD0100467.1	Lipoxygenase
GCA_903853725.1	1	CAD0108387.1	Lipoxygenase
GCA_905066765.1	2	CAD6446870.1,CAD6451335.1	Lipoxygenase,Lipoxygenase
GCA_910393935.1	0		
GCA_910591765.1	0		
GCA_910591775.1	0		
GCA_910591835.1	0		
GCA_910591915.1	0		
GCA_910591945.1	0		
GCA_910591965.1	0		
GCA_910592005.1	0		
GCA_910592015.1	0		
GCA_910592055.1	0		
GCA_910592135.1	0		
GCA_910592215.1	0		
GCA_910592325.1	0		
GCA_910592345.1	0		
GCA_910890315.1	0		
GCA_911649665.1	2	CAG8949746.1,CAG8955792.1	Lipoxygenase,Lipoxygenase
GCA_911693285.1	2	CAG8979802.1,CAG8983344.1	Lipoxygenase,Lipoxygenase
GCF_000002515.2	0		
GCF_000002545.3	0		
GCF_000002715.2	0		
GCF_000002945.1	0		
GCF_000003125.1	0		
GCF_000003515.1	0		
GCF_000003855.2	0		
GCF_000004155.1	0		
GCF_000026365.1	0		
GCF_000026945.1	0		
GCF_000091025.4	0		
GCF_000142805.1	0		
GCF_000143105.1	2	XP_014170890.1,XP_014171574.1	Lipoxygenase,Lipoxygenase
GCF_000143185.1	0		
GCF_000143535.2	4	XP_001545783.2,XP_001549837.1,XP_024547215.1,XP_024550068.1	Lipoxygenase,Lipoxygenase,Lipoxygenase,Lipoxygenase
GCF_000143565.1	1	XP_001881489.1	Lipoxygenase
GCF_000145635.1	2	XP_009218725.1,XP_009221659.1	Lipoxygenase,Lipoxygenase
GCF_000146465.1	0		
GCF_000146945.2	2	XP_001591347.1,XP_001592093.1	Lipoxygenase,Lipoxygenase
GCF_000149035.1	0		
GCF_000149425.1	0		
GCF_000149685.1	0		
GCF_000149845.2	0		
GCF_000150035.1	0		
GCF_000150505.1	0		
GCF_000150705.2	0		
GCF_000150825.1	0		
GCF_000150975.2	0		
GCF_000151125.1	0		
GCF_000151145.1	0		
GCF_000151335.2	0		
GCF_000151355.1	3	XP_003039177.1,XP_003042428.1,XP_003042773.1	Lipoxygenase,Lipoxygenase,Lipoxygenase
GCF_000151505.1	0		
GCF_000167675.1	0		
GCF_000170995.1	1	XP_013952501.1	Lipoxygenase
GCF_000171015.1	1	XP_013940576.1	Lipoxygenase
GCF_000181695.1	0		
GCF_000182565.1	0		
GCF_000182765.1	0		
GCF_000182895.1	0		
GCF_000182925.2	1	XP_958177.2	Lipoxygenase
GCF_000192795.1	0		
GCF_000203795.1	0		
GCF_000204055.1	0		
GCF_000209485.1	0		
GCF_000213175.1	1	XP_009848469.1	Lipoxygenase
GCF_000219625.1	3	XP_003850677.1,XP_003856010.1,XP_003857490.1	Lipoxygenase,Lipoxygenase,Lipoxygenase
GCF_000221225.1	1	XP_006697153.1	Lipoxygenase
GCF_000223465.1	0		
GCF_000223485.1	0		
GCF_000226095.1	2	XP_003661928.1,XP_003664559.1	Lipoxygenase,Lipoxygenase
GCF_000226545.1	2	XP_001911188.1,XP_003437217.1	Lipoxygenase,Lipoxygenase
GCF_000227115.2	0		
GCF_000230625.1	0		
GCF_000231115.1	0		
GCF_000235365.1	0		
GCF_000236905.1	0		
GCF_000243375.1	0		
GCF_000250985.1	0		
GCF_000264905.1	0		
GCF_000264995.1	0		
GCF_000265015.1	0		
GCF_000271585.1	0		
GCF_000271605.1	0		
GCF_000271625.1	0		
GCF_000280035.1	0		
GCF_000281105.1	0		
GCF_000292625.1	0		
GCF_000293215.1	0		
GCF_000298775.1	1	XP_007291998.1	Lipoxygenase
GCF_000300575.1	0		
GCF_000300595.1	0		
GCF_000304475.1	0		
GCF_000313485.1	0		
GCF_000313525.1	0		
GCF_000315875.1	0		
GCF_000315915.1	0		
GCF_000320565.1	1	XP_016763593.1	Lipoxygenase
GCF_000320585.1	0		
GCF_000328475.2	0		
GCF_000338955.1	1	XP_007672283.1	Lipoxygenase
GCF_000340215.1	1	XP_007925959.1	Lipoxygenase
GCF_000344685.1	0		
GCF_000348985.1	0		
GCF_000349005.2	0		
GCF_000349305.1	0		
GCF_000349385.1	4	XP_007788018.1,XP_007788950.1,XP_007795408.1,XP_007796983.1	Lipoxygenase,Lipoxygenase,Lipoxygenase,Lipoxygenase
GCF_000359705.1	3	XP_008026481.1,XP_008029369.1,XP_008031632.1	Lipoxygenase,Lipoxygenase,Lipoxygenase
GCF_000365145.1	0		
GCF_000385595.1	0		
GCF_000392275.1	1	XP_007911228.1	Lipoxygenase
GCF_000403515.1	0		
GCF_000441935.1	3	XP_011107539.1,XP_011113985.1,XP_011115664.1	Lipoxygenase,Lipoxygenase,Lipoxygenase
GCF_000497045.1	0		
GCF_000512565.1	0		
GCF_000512585.1	0		
GCF_000512605.1	0		
GCF_000516985.1	1	XP_007831586.1	Lipoxygenase
GCF_000523435.1	0		
GCF_000523455.1	0		
GCF_000527765.1	0		
GCF_000576695.1	0		
GCF_000582985.1	1	XP_007598635.1	Lipoxygenase
GCF_000585515.1	1	XP_007754567.1	Lipoxygenase
GCF_000585535.1	2	XP_007746691.1,XP_007751889.1	Lipoxygenase,Lipoxygenase
GCF_000585565.1	1	XP_007734598.1	Lipoxygenase
GCF_000585585.1	0		
GCF_000600275.1	0		
GCF_000687475.1	0		
GCF_000708205.1	0		
GCF_000709125.1	0		
GCF_000711695.1	0		
GCF_000721755.1	1	XP_013343824.1	Lipoxygenase
GCF_000721765.1	1	XP_013427067.1	Lipoxygenase
GCF_000732125.1	0		
GCF_000747765.1	0		
GCF_000760515.2	0		
GCF_000769745.1	1	XP_016593674.1	Lipoxygenase
GCF_000804445.1	1	XP_040675128.1	Lipoxygenase
GCF_000814945.1	2	XP_014578201.1,XP_014581305.1	Lipoxygenase,Lipoxygenase
GCF_000820605.1	0		
GCF_000835475.1	2	XP_016614816.1,XP_016618452.1	Lipoxygenase,Lipoxygenase
GCF_000835495.1	2	XP_016251412.1,XP_016253018.1	Lipoxygenase,Lipoxygenase
GCF_000835505.1	2	XP_013312011.1,XP_013313947.1	Lipoxygenase,Lipoxygenase
GCF_000835515.1	1	XP_016267201.1	Lipoxygenase
GCF_000835555.1	0		
GCF_000836115.1	1	XP_016230604.1	Lipoxygenase
GCF_000836275.1	0		
GCF_000836295.1	0		
GCF_000938715.1	0		
GCF_000961545.1	0		
GCF_000968595.1	0		
GCF_000988165.1	0		
GCF_001027345.1	0		
GCF_001078395.1	1	XP_043150424.1	Lipoxygenase
GCF_001204775.2	0		
GCF_001278385.1	0		
GCF_001298625.1	0		
GCF_001299255.1	0		
GCF_001329695.1	0		
GCF_001447935.2	0		
GCF_001477545.1	0		
GCF_001481775.2	2	XP_018659564.1,XP_018664919.1	Lipoxygenase,Lipoxygenase
GCF_001500285.1	3	XP_018062191.1,XP_018065612.1,XP_018069525.1	Lipoxygenase,Lipoxygenase,Lipoxygenase
GCF_001561935.1	1	XP_040647803.1	Lipoxygenase
GCF_001619985.1	0		
GCF_001625195.1	0		
GCF_001632365.1	0		
GCF_001636725.1	1	XP_018700064.1	Lipoxygenase
GCF_001638985.1	0		
GCF_001640025.1	0		
GCF_001641265.1	0		
GCF_001642045.1	2	XP_018032074.1,XP_018040184.1	Lipoxygenase,Lipoxygenase
GCF_001642055.1	0		
GCF_001642475.1	2	XP_022506779.1,XP_022515818.1	Lipoxygenase,Lipoxygenase
GCF_001646965.1	2	XP_022504080.1,XP_022504482.1	Lipoxygenase,Lipoxygenase
GCF_001651985.1	3	XP_018687239.1,XP_018693382.1,XP_018697818.1	Lipoxygenase,Lipoxygenase,Lipoxygenase
GCF_001653235.2	1	XP_018146462.1	Lipoxygenase
GCF_001653265.1	0		
GCF_001661255.1	0		
GCF_001661265.1	0		
GCF_001661335.1	0		
GCF_001661345.1	0		
GCF_001661395.1	0		
GCF_001661415.1	0		
GCF_001662655.1	1	XP_018135560.1	Lipoxygenase
GCF_001664045.1	0		
GCF_001720155.1	0		
GCF_001720205.1	0		
GCF_001773325.1	1	XP_022487726.1	Lipoxygenase
GCF_001792695.1	0		
GCF_001831195.1	1	XP_022481704.1	Lipoxygenase
GCF_001883845.1	0		
GCF_001890105.1	0		
GCF_001890125.1	1	XP_040666099.1	Lipoxygenase
GCF_001890705.1	0		
GCF_001890725.1	0		
GCF_001890805.1	0		
GCF_001890905.1	1	XP_020052710.1	Lipoxygenase
GCF_001896365.1	0		
GCF_001907595.1	0		
GCF_002072235.1	0		
GCF_002079055.1	0		
GCF_002102565.1	0		
GCF_002104995.1	0		
GCF_002105095.1	0		
GCF_002105105.1	0		
GCF_002105155.1	0		
GCF_002237265.1	0		
GCF_002251995.1	0		
GCF_002742065.1	2	XP_023448851.1,XP_023456522.1	Lipoxygenase,Lipoxygenase
GCF_002775015.1	0		
GCF_002847045.1	1	XP_024676553.1	Lipoxygenase
GCF_002847465.1	1	XP_024679041.1	Lipoxygenase
GCF_002847485.1	1	XP_024693770.1	Lipoxygenase
GCF_002849105.1	1	XP_024707548.1	Lipoxygenase
GCF_002865645.1	1	XP_024734271.1	Lipoxygenase
GCF_002926055.2	0		
GCF_002926085.2	0		
GCF_003013735.1	0		
GCF_003019875.1	0		
GCF_003025115.1	1	XP_024745438.1	Lipoxygenase
GCF_003054445.1	0		
GCF_003144115.1	0		
GCF_003144135.1	0		
GCF_003144195.1	0		
GCF_003144205.1	0		
GCF_003144245.1	1	XP_025365558.1	Lipoxygenase
GCF_003144295.1	0		
GCF_003184525.1	1	XP_025469880.1	Lipoxygenase
GCF_003184535.1	0		
GCF_003184545.1	0		
GCF_003184585.1	0		
GCF_003184625.1	0		
GCF_003184695.1	0		
GCF_003184745.1	0		
GCF_003184755.1	0		
GCF_003184765.1	0		
GCF_003184785.1	0		
GCF_003184825.1	0		
GCF_003184835.1	0		
GCF_003184845.1	0		
GCF_003184865.1	1	XP_025553101.1	Lipoxygenase
GCF_003184925.1	0		
GCF_003290485.1	0		
GCF_003316985.1	0		
GCF_003327735.1	0		
GCF_003344945.1	0		
GCF_003357145.1	1	XP_031867204.1	Lipoxygenase
GCF_003369625.1	0		
GCF_003426965.1	2	XP_033422164.1,XP_033428827.1	Lipoxygenase,Lipoxygenase
GCF_003711515.1	0		
GCF_003724135.2	0		
GCF_003851025.1	0		
GCF_003942205.1	0		
GCF_004011695.1	1	XP_038793373.1	Lipoxygenase
GCF_004022145.1	0		
GCF_004154835.1	0		
GCF_004337985.1	1	XP_029743737.1	Lipoxygenase
GCF_004353045.1	1	XP_030996336.1	Lipoxygenase
GCF_004355905.1	2	XP_030982989.1,XP_030986164.1	Lipoxygenase,Lipoxygenase
GCF_005498985.1	0		
GCF_006535985.1	0		
GCF_007821495.1	1	XP_031007153.1	Lipoxygenase
GCF_008629635.1	0		
GCF_008694065.1	0		
GCF_008704595.1	0		
GCF_009176365.1	0		
GCF_009193445.1	0		
GCF_009193585.1	0		
GCF_009193645.1	0		
GCF_009771025.1	2	XP_031880795.1,XP_031893561.1	Lipoxygenase,Lipoxygenase
GCF_010015565.1	1	XP_033456635.1	Lipoxygenase
GCF_010015585.1	0		
GCF_010015615.1	0		
GCF_010015735.1	0		
GCF_010093505.1	0		
GCF_010093535.1	0		
GCF_010093595.1	0		
GCF_010093625.1	1	XP_033560660.1	Lipoxygenase
GCF_010093815.1	0		
GCF_010093885.1	0		
GCF_010093935.1	2	XP_033663772.1,XP_033669237.1	Lipoxygenase,Lipoxygenase
GCF_010094035.1	0		
GCF_010094085.1	0		
GCF_010094145.1	1	XP_033446706.1	Lipoxygenase
GCF_010724455.1	0		
GCF_011074865.1	0		
GCF_011074885.1	0		
GCF_011075155.1	1	XP_035331816.1	Lipoxygenase
GCF_011692745.1	0		
GCF_011745365.1	1	XP_040774778.1	Lipoxygenase
GCF_011947395.1	1	XP_038744616.1	Lipoxygenase
GCF_012550715.1	0		
GCF_012971845.1	0		
GCF_013036055.1	0		
GCF_013340325.1	0		
GCF_013368755.1	1	XP_035343930.1	Lipoxygenase
GCF_013390185.1	2	XP_037171983.1,XP_037178302.1	Lipoxygenase,Lipoxygenase
GCF_013390195.1	2	XP_036488661.1,XP_036493973.1	Lipoxygenase,Lipoxygenase
GCF_013396075.1	2	XP_036531903.1,XP_036531981.1	Lipoxygenase,Lipoxygenase
GCF_013396195.1	2	XP_037202133.1,XP_037203429.1	Lipoxygenase,Lipoxygenase
GCF_013402915.1	0		
GCF_013461495.1	2	XP_037189624.1,XP_037192989.1	Lipoxygenase,Lipoxygenase
GCF_014066305.1	0		
GCF_014066315.1	0		
GCF_014133895.1	0		
GCF_014235925.1	1	XP_036577285.1	Lipoxygenase
GCF_014461135.1	0		
GCF_014466165.1	3	XP_036630478.1,XP_036631511.1,XP_036631513.1	Lipoxygenase,Lipoxygenase,Lipoxygenase
GCF_014595645.1	2	XP_043019437.1,XP_043027911.1	Lipoxygenase,Lipoxygenase
GCF_014898295.1	2	XP_038730014.1,XP_038730826.1	Lipoxygenase,Lipoxygenase
GCF_014898435.1	2	XP_038752354.1,XP_038756384.1	Lipoxygenase,Lipoxygenase
GCF_014898465.1	2	XP_038764782.1,XP_038775740.1	Lipoxygenase,Lipoxygenase
GCF_014898535.1	2	XP_038808577.1,XP_038809584.1	Lipoxygenase,Lipoxygenase
GCF_015039405.1	0		
GCF_015533775.1	1	XP_038927836.1	Lipoxygenase
GCF_016628075.1	0		
GCF_016647625.1	0		
GCF_016647635.1	0		
GCF_016647745.1	0		
GCF_016647785.1	0		
GCF_016758755.1	0		
GCF_016758775.1	0		
GCF_016758785.1	0		
GCF_016861625.1	0		
GCF_016861735.1	1	XP_043132574.1	Lipoxygenase
GCF_016861865.1	1	XP_041554807.1	Lipoxygenase
GCF_016906535.1	0		
GCF_018340605.1	1	XP_043154008.1	Lipoxygenase
GCF_018404265.1	0		
GCF_018924745.1	0		
GCF_019049425.1	0		
GCF_019112545.1	0		
GCF_019207285.1	0		
GCF_019207475.1	0		
GCF_019321695.1	1	XP_044646683.1	Lipoxygenase
GCF_019456465.1	2	XP_044670323.1,XP_044673150.1	Lipoxygenase,Lipoxygenase
GCF_019609905.1	1	XP_044712851.1	Lipoxygenase
GCF_019650295.1	2	XP_044651384.1,XP_044657188.1	Lipoxygenase,Lipoxygenase
GCF_019915245.1	3	XP_044682425.1,XP_044684086.1,XP_044685536.1	Lipoxygenase,Lipoxygenase,Lipoxygenase
GCF_020137385.1	0		
GCF_020360975.1	0		
GCF_900007375.1	1	XP_025589810.1	Lipoxygenase
GCF_900044065.1	3	XP_041687591.1,XP_041691065.1,XP_041691164.1	Lipoxygenase,Lipoxygenase,Lipoxygenase
GCF_900074925.1	1	XP_023627495.1	Lipoxygenase
GCF_900519145.1	0		
GCF_902498895.1	0		
GCF_903064755.1	0		
GCF_907166805.1	1	XP_043163606.1	Lipoxygenase
